epoch,time,train/box_loss,train/cls_loss,train/dfl_loss,metrics/precision(B),metrics/recall(B),metrics/mAP50(B),metrics/mAP50-95(B),val/box_loss,val/cls_loss,val/dfl_loss,lr/pg0,lr/pg1,lr/pg2
1,39.0089,1.13686,1.42288,1.17709,0.04493,0.30712,0.02431,0.01181,2.20284,21.671,2.54355,0.000654762,0.000654762,0.000654762
2,74.6902,1.21435,0.90958,1.17093,0,0,0,0,nan,nan,nan,0.00131489,0.00131489,0.00131489
3,109.944,1.20403,0.89337,1.15598,0.01261,0.18352,0.00483,0.00277,nan,nan,nan,0.00196841,0.00196841,0.00196841
4,145.574,1.18466,0.81509,1.15733,0.73127,0.31086,0.36347,0.24534,1.99405,3.74564,2.10846,0.0019703,0.0019703,0.0019703
5,183.985,1.16473,0.75765,1.13199,0.7943,0.68165,0.76554,0.49258,nan,nan,nan,0.0019604,0.0019604,0.0019604
6,220.207,1.13794,0.72209,1.13171,0.84499,0.70787,0.827,0.55147,1.34397,1.46842,1.52067,0.0019505,0.0019505,0.0019505
7,256.384,1.1131,0.69006,1.11537,0.85962,0.84859,0.91886,0.63517,1.18832,1.00208,1.3813,0.0019406,0.0019406,0.0019406
8,296.819,1.07192,0.65011,1.0976,0.82235,0.79026,0.87312,0.63079,1.11198,1.44846,1.31894,0.0019307,0.0019307,0.0019307
9,331.79,1.07226,0.65949,1.10443,0.87656,0.89139,0.9254,0.61831,1.20267,0.82588,1.32175,0.0019208,0.0019208,0.0019208
10,367.036,1.07165,0.6648,1.10014,0.85108,0.87758,0.90377,0.64005,1.18188,0.90852,1.3355,0.0019109,0.0019109,0.0019109
11,402.786,1.02733,0.6113,1.07382,0.88819,0.83521,0.91155,0.64749,1.1058,0.81552,1.28911,0.001901,0.001901,0.001901
12,444.875,1.02224,0.59495,1.07469,0.85636,0.79026,0.83979,0.57218,1.24382,0.96133,1.36626,0.0018911,0.0018911,0.0018911
13,479.958,1.02386,0.59421,1.0663,0.89562,0.82397,0.91046,0.62052,1.18886,0.77662,1.32785,0.0018812,0.0018812,0.0018812
14,515.628,1.00897,0.58361,1.06504,0.88432,0.80167,0.91174,0.66561,1.06834,0.81621,1.25374,0.0018713,0.0018713,0.0018713
15,550.894,1.02057,0.60499,1.0769,0.90855,0.89513,0.95193,0.7024,1.02887,0.67362,1.25859,0.0018614,0.0018614,0.0018614
16,591.802,1.00707,0.58032,1.06665,0.94384,0.9441,0.97921,0.72722,1.03818,0.64091,1.20881,0.0018515,0.0018515,0.0018515
17,627.356,0.98737,0.55668,1.06025,0.95707,0.92135,0.96353,0.69262,1.05291,0.6053,1.21505,0.0018416,0.0018416,0.0018416
18,662.084,0.99348,0.56073,1.05601,0.92668,0.89937,0.95186,0.69796,1.05987,0.62972,1.22442,0.0018317,0.0018317,0.0018317
19,697.227,1.02569,0.57253,1.06885,0.8794,0.79026,0.91853,0.65873,1.11059,0.74685,1.27582,0.0018218,0.0018218,0.0018218
20,732.212,0.99289,0.53223,1.06793,0.94167,0.90691,0.94886,0.68394,1.08341,0.63927,1.23312,0.0018119,0.0018119,0.0018119
21,767.39,0.98811,0.54589,1.05368,0.96094,0.92884,0.98074,0.68133,1.1203,0.56108,1.2512,0.001802,0.001802,0.001802
22,802.5,0.9777,0.54878,1.04847,0.91774,0.89139,0.94394,0.6729,1.09581,0.64415,1.22898,0.0017921,0.0017921,0.0017921
23,837.517,0.99324,0.53244,1.05214,0.91314,0.86624,0.94754,0.67704,1.13363,0.62081,1.26373,0.0017822,0.0017822,0.0017822
24,872.902,0.98694,0.54757,1.05355,0.95356,0.92275,0.97432,0.71693,1.02797,0.58449,1.19642,0.0017723,0.0017723,0.0017723
25,907.668,0.96014,0.52763,1.03755,0.90074,0.94007,0.96186,0.70874,1.03493,0.58274,1.20953,0.0017624,0.0017624,0.0017624
26,943.182,0.97887,0.52311,1.04688,0.78812,0.90555,0.93428,0.69183,1.01869,0.72333,1.22199,0.0017525,0.0017525,0.0017525
27,977.98,0.96806,0.52314,1.05008,0.94464,0.92884,0.98093,0.68375,1.07959,0.54115,1.22669,0.0017426,0.0017426,0.0017426
28,1013.36,0.9886,0.52948,1.05475,0.93531,0.92509,0.97497,0.69113,1.0597,0.55446,1.22553,0.0017327,0.0017327,0.0017327
29,1048.13,0.98579,0.52413,1.05613,0.87955,0.95726,0.97428,0.70563,1.07138,0.55444,1.2216,0.0017228,0.0017228,0.0017228
30,1083.42,0.95896,0.50228,1.04006,0.9404,0.97004,0.98707,0.72637,1.02318,0.50619,1.21757,0.0017129,0.0017129,0.0017129
31,1124.44,0.97661,0.52624,1.05429,0.92219,0.88773,0.95991,0.66837,1.15075,0.6333,1.24596,0.001703,0.001703,0.001703
32,1159.17,0.9819,0.5157,1.06515,0.89271,0.63296,0.76136,0.51676,1.24747,1.1441,1.32254,0.0016931,0.0016931,0.0016931
33,1194.29,0.96761,0.50342,1.02888,0.96398,0.97004,0.98802,0.75242,0.94206,0.49688,1.16506,0.0016832,0.0016832,0.0016832
34,1235.1,0.97027,0.49602,1.04358,0.94464,0.95872,0.98278,0.7465,1.00378,0.49171,1.18209,0.0016733,0.0016733,0.0016733
35,1269.8,0.95808,0.50578,1.0495,0.96315,0.93633,0.97877,0.73288,0.99913,0.51108,1.18012,0.0016634,0.0016634,0.0016634
36,1304.96,0.95829,0.48815,1.04655,0.94046,0.93633,0.98377,0.72482,1.01359,0.5184,1.1886,0.0016535,0.0016535,0.0016535
37,1339.79,0.93515,0.47763,1.02822,0.93898,0.96255,0.98441,0.72741,0.99605,0.50684,1.18691,0.0016436,0.0016436,0.0016436
38,1374.91,0.92693,0.4932,1.02408,0.90324,0.94007,0.97485,0.72232,1.01947,0.5262,1.22504,0.0016337,0.0016337,0.0016337
39,1409.69,0.94039,0.4965,1.03269,0.93363,0.94827,0.98326,0.73657,0.99921,0.55243,1.1975,0.0016238,0.0016238,0.0016238
40,1444.91,0.94621,0.47545,1.02993,0.96092,0.95506,0.98619,0.70911,1.07651,0.50249,1.23353,0.0016139,0.0016139,0.0016139
41,1479.83,0.93834,0.47798,1.0327,0.95779,0.95506,0.98426,0.74783,1.00048,0.50801,1.18134,0.001604,0.001604,0.001604
42,1514.89,0.94983,0.48436,1.04476,0.96552,0.96255,0.98785,0.73825,0.97331,0.48976,1.1671,0.0015941,0.0015941,0.0015941
43,1550.12,0.92414,0.47677,1.02565,0.96157,0.9588,0.98014,0.72509,1.01264,0.51534,1.18849,0.0015842,0.0015842,0.0015842
44,1585.07,0.94519,0.47025,1.02541,0.9463,0.94382,0.98374,0.74958,0.98876,0.48563,1.20852,0.0015743,0.0015743,0.0015743
45,1620.33,0.92833,0.47224,1.02464,0.94108,0.95706,0.98668,0.73039,1.00381,0.51424,1.17918,0.0015644,0.0015644,0.0015644
46,1655.09,0.91763,0.46057,1.02346,0.96841,0.95131,0.9851,0.73353,1.0072,0.48864,1.18227,0.0015545,0.0015545,0.0015545
47,1690.61,0.92873,0.48449,1.03271,0.95917,0.96255,0.98845,0.73841,1.00728,0.47015,1.18156,0.0015446,0.0015446,0.0015446
48,1725.29,0.92905,0.479,1.03199,0.94099,0.9556,0.97678,0.72301,0.99854,0.50962,1.18366,0.0015347,0.0015347,0.0015347
49,1760.69,0.92837,0.47507,1.02322,0.95473,0.95131,0.9865,0.7451,0.97905,0.47702,1.18265,0.0015248,0.0015248,0.0015248
50,1795.5,0.91514,0.47152,1.02154,0.97184,0.95131,0.98448,0.74502,0.98936,0.48311,1.16797,0.0015149,0.0015149,0.0015149
51,1830.86,0.91336,0.4548,1.0257,0.9582,0.95506,0.9888,0.73964,1.00063,0.49427,1.17561,0.001505,0.001505,0.001505
52,1865.65,0.91768,0.45621,1.01614,0.92174,0.9705,0.98211,0.71332,1.04795,0.50202,1.20318,0.0014951,0.0014951,0.0014951
53,1900.99,0.91063,0.4489,1.02526,0.95817,0.96629,0.98558,0.76027,0.93419,0.4741,1.13947,0.0014852,0.0014852,0.0014852
54,1942.19,0.91494,0.46136,1.0267,0.95302,0.9588,0.98638,0.74568,1.00243,0.48339,1.18259,0.0014753,0.0014753,0.0014753
55,1977.28,0.91889,0.45727,1.01649,0.95247,0.97576,0.98899,0.73779,1.01884,0.47467,1.19613,0.0014654,0.0014654,0.0014654
56,2012.48,0.91539,0.44706,1.01479,0.97053,0.96255,0.98902,0.72813,1.00821,0.45077,1.16509,0.0014555,0.0014555,0.0014555
57,2047.59,0.90482,0.44502,1.01179,0.95138,0.95276,0.98109,0.71649,1.06095,0.49982,1.21066,0.0014456,0.0014456,0.0014456
58,2082.7,0.91653,0.45989,1.02798,0.94752,0.94674,0.98461,0.75138,0.96892,0.47775,1.17493,0.0014357,0.0014357,0.0014357
59,2118.06,0.89303,0.44567,1.01472,0.97678,0.94543,0.9877,0.73181,1.01553,0.47332,1.17704,0.0014258,0.0014258,0.0014258
60,2152.91,0.89575,0.44367,1.01016,0.96584,0.95296,0.98839,0.74182,0.99908,0.47942,1.17591,0.0014159,0.0014159,0.0014159
61,2188.51,0.91558,0.45462,1.02423,0.94522,0.94007,0.98472,0.73288,1.01526,0.49095,1.19379,0.001406,0.001406,0.001406
62,2223.22,0.9138,0.45104,1.0127,0.96275,0.97004,0.98746,0.75329,0.94943,0.45468,1.16183,0.0013961,0.0013961,0.0013961
63,2258.68,0.90697,0.44308,1.02271,0.99228,0.96252,0.98834,0.73682,0.99492,0.45864,1.15724,0.0013862,0.0013862,0.0013862
64,2293.44,0.88997,0.42765,0.99861,0.98611,0.95506,0.98988,0.74757,0.96494,0.45287,1.17181,0.0013763,0.0013763,0.0013763
65,2328.91,0.891,0.4412,1.01666,0.93043,0.95174,0.98069,0.74948,0.96334,0.49501,1.1745,0.0013664,0.0013664,0.0013664
66,2363.68,0.88797,0.43549,1.00269,0.9486,0.97004,0.98818,0.74383,0.9682,0.46499,1.1717,0.0013565,0.0013565,0.0013565
67,2398.97,0.88549,0.42367,1.00368,0.97719,0.96286,0.98894,0.75487,0.96738,0.44654,1.15513,0.0013466,0.0013466,0.0013466
68,2433.74,0.88767,0.42935,1.00819,0.98113,0.97363,0.99137,0.74764,0.97574,0.44392,1.14638,0.0013367,0.0013367,0.0013367
69,2469.32,0.89494,0.42806,1.00706,0.95157,0.9176,0.98258,0.73647,0.96586,0.51476,1.14363,0.0013268,0.0013268,0.0013268
70,2503.97,0.89294,0.44672,1.00275,0.96798,0.97753,0.98997,0.74418,0.97838,0.46056,1.14827,0.0013169,0.0013169,0.0013169
71,2539.47,0.90828,0.44462,1.01919,0.9804,0.97753,0.99057,0.74226,0.98348,0.44319,1.14839,0.001307,0.001307,0.001307
72,2574.36,0.90059,0.42969,1.00881,0.9765,0.93397,0.98776,0.75426,0.96549,0.46749,1.14749,0.0012971,0.0012971,0.0012971
73,2609.64,0.90605,0.43207,1.01748,0.95538,0.95131,0.98673,0.75559,0.94421,0.4484,1.1541,0.0012872,0.0012872,0.0012872
74,2644.42,0.88904,0.43124,1.00546,0.97372,0.97141,0.99056,0.76709,0.96328,0.43647,1.15362,0.0012773,0.0012773,0.0012773
75,2679.95,0.86974,0.4169,1.00108,0.92841,0.97147,0.97854,0.7421,0.97111,0.48117,1.1565,0.0012674,0.0012674,0.0012674
76,2714.94,0.87581,0.42349,1.00757,0.95485,0.97004,0.98911,0.74414,0.99511,0.44348,1.15803,0.0012575,0.0012575,0.0012575
77,2749.97,0.88971,0.43355,1.01548,0.94393,0.97004,0.98944,0.75773,0.94608,0.44956,1.14347,0.0012476,0.0012476,0.0012476
78,2785.25,0.89552,0.42103,1.01771,0.95474,0.96255,0.98769,0.75675,0.94374,0.45933,1.14087,0.0012377,0.0012377,0.0012377
79,2820.03,0.89353,0.43151,1.02375,0.9388,0.97665,0.98833,0.75234,0.97917,0.42901,1.15527,0.0012278,0.0012278,0.0012278
80,2855.71,0.89878,0.4289,1.00764,0.96178,0.97753,0.9903,0.74402,0.99226,0.44456,1.1433,0.0012179,0.0012179,0.0012179
81,2890.45,0.89823,0.43419,1.01427,0.94588,0.98182,0.98558,0.75573,0.95639,0.42928,1.13746,0.001208,0.001208,0.001208
82,2925.84,0.87157,0.42249,0.99916,0.96914,0.96255,0.98855,0.73044,0.97572,0.42805,1.14541,0.0011981,0.0011981,0.0011981
83,2960.54,0.87768,0.42143,1.01506,0.96082,0.96255,0.98825,0.75616,0.949,0.4417,1.13525,0.0011882,0.0011882,0.0011882
84,2995.67,0.86782,0.41171,1.00039,0.98489,0.97675,0.99158,0.76956,0.9237,0.40436,1.11634,0.0011783,0.0011783,0.0011783
85,3037.46,0.86355,0.4088,0.99554,0.96664,0.97673,0.99065,0.75155,0.99342,0.43205,1.1363,0.0011684,0.0011684,0.0011684
86,3072.22,0.85827,0.40987,0.98417,0.95779,0.97378,0.98744,0.75394,0.95875,0.42438,1.12673,0.0011585,0.0011585,0.0011585
87,3107.54,0.86546,0.40346,1.00415,0.95751,0.98502,0.99089,0.75471,0.97785,0.41646,1.15753,0.0011486,0.0011486,0.0011486
88,3142.33,0.83495,0.39882,0.9897,0.95269,0.98049,0.98949,0.75785,0.95585,0.41664,1.14507,0.0011387,0.0011387,0.0011387
89,3177.54,0.85593,0.39778,0.98933,0.96567,0.98876,0.99027,0.76179,0.93162,0.41139,1.13843,0.0011288,0.0011288,0.0011288
90,3212.65,0.84911,0.40894,0.99367,0.95538,0.96222,0.98896,0.76122,0.94732,0.42449,1.13873,0.0011189,0.0011189,0.0011189
91,3247.95,0.85134,0.39989,0.98365,0.97069,0.97004,0.98907,0.76042,0.96268,0.42458,1.15118,0.001109,0.001109,0.001109
92,3283.07,0.86509,0.41101,1.00068,0.97245,0.97004,0.99006,0.76025,0.94887,0.40885,1.12877,0.0010991,0.0010991,0.0010991
93,3318.11,0.87611,0.414,1.00962,0.96993,0.96645,0.98745,0.75366,0.95483,0.43115,1.13699,0.0010892,0.0010892,0.0010892
94,3353.54,0.85306,0.41113,0.99652,0.97661,0.97004,0.98675,0.76954,0.90369,0.42378,1.14076,0.0010793,0.0010793,0.0010793
95,3388.41,0.84276,0.39534,0.99273,0.95907,0.96536,0.98809,0.75214,0.93832,0.44968,1.12717,0.0010694,0.0010694,0.0010694
96,3423.88,0.8403,0.39225,1.00148,0.98733,0.9588,0.99053,0.76298,0.9201,0.41409,1.13777,0.0010595,0.0010595,0.0010595
97,3458.63,0.82561,0.3818,0.98253,0.97512,0.98127,0.99064,0.77036,0.92195,0.39309,1.12967,0.0010496,0.0010496,0.0010496
98,3499.8,0.84638,0.39284,0.99088,0.9699,0.96536,0.9899,0.75763,0.95118,0.43311,1.14712,0.0010397,0.0010397,0.0010397
99,3535.08,0.82196,0.39162,0.97787,0.96648,0.97199,0.98856,0.74224,0.97462,0.42467,1.14592,0.0010298,0.0010298,0.0010298
100,3569.67,0.87125,0.39928,0.9991,0.95254,0.98502,0.98951,0.7661,0.89895,0.40399,1.11893,0.0010199,0.0010199,0.0010199
101,3605.29,0.8428,0.39814,0.99485,0.96867,0.97004,0.98922,0.7706,0.93087,0.39571,1.12636,0.00101,0.00101,0.00101
102,3640.47,0.83071,0.38422,0.99228,0.97071,0.96629,0.99023,0.75664,0.9549,0.41656,1.13667,0.0010001,0.0010001,0.0010001
103,3675.66,0.84602,0.3981,0.99142,0.95652,0.98873,0.98977,0.75438,0.9446,0.40158,1.14168,0.0009902,0.0009902,0.0009902
104,3710.36,0.86122,0.39668,1.00679,0.98112,0.9731,0.99132,0.7566,0.97429,0.40018,1.14548,0.0009803,0.0009803,0.0009803
105,3745.58,0.83794,0.38958,0.986,0.98126,0.98061,0.99103,0.75616,0.94656,0.40796,1.14511,0.0009704,0.0009704,0.0009704
106,3780.45,0.83665,0.39923,0.98603,0.97015,0.97374,0.99099,0.74746,0.96184,0.40479,1.13586,0.0009605,0.0009605,0.0009605
107,3815.66,0.82232,0.39518,0.99198,0.9809,0.96188,0.99072,0.74496,0.96891,0.40711,1.13883,0.0009506,0.0009506,0.0009506
108,3850.67,0.83885,0.3925,0.98987,0.97055,0.98742,0.99084,0.74706,0.95971,0.4077,1.14025,0.0009407,0.0009407,0.0009407
109,3885.77,0.83209,0.39037,0.99212,0.96093,0.97378,0.99057,0.76192,0.94022,0.40757,1.13906,0.0009308,0.0009308,0.0009308
110,3920.83,0.86028,0.39973,1.00881,0.9793,0.97753,0.99118,0.75984,0.92664,0.40092,1.1359,0.0009209,0.0009209,0.0009209
111,3955.75,0.81812,0.38725,0.9791,0.96949,0.95199,0.98782,0.75261,0.95399,0.42847,1.14679,0.000911,0.000911,0.000911
112,3991.09,0.82143,0.38937,0.99429,0.96401,0.97378,0.98952,0.76683,0.91313,0.40655,1.13683,0.0009011,0.0009011,0.0009011
113,4025.9,0.83369,0.39386,0.98966,0.97623,0.98876,0.99164,0.78077,0.89736,0.38119,1.12956,0.0008912,0.0008912,0.0008912
114,4067.09,0.83476,0.3794,0.99039,0.98415,0.97004,0.99005,0.75238,0.95761,0.40083,1.15113,0.0008813,0.0008813,0.0008813
115,4102.47,0.83234,0.38437,0.98866,0.95575,0.97064,0.98893,0.7528,0.9251,0.41078,1.12243,0.0008714,0.0008714,0.0008714
116,4137.23,0.83771,0.37846,0.98691,0.97364,0.96843,0.98923,0.75938,0.93762,0.40293,1.13098,0.0008615,0.0008615,0.0008615
117,4172.61,0.83151,0.38867,0.98779,0.98016,0.97753,0.99147,0.76496,0.93806,0.39425,1.12867,0.0008516,0.0008516,0.0008516
118,4207.35,0.81923,0.37872,0.98439,0.9727,0.97753,0.98949,0.75116,0.94759,0.41248,1.12857,0.0008417,0.0008417,0.0008417
119,4242.8,0.8168,0.3792,0.97599,0.97616,0.97753,0.99052,0.74266,0.98279,0.40244,1.14822,0.0008318,0.0008318,0.0008318
120,4277.73,0.7944,0.36377,0.96416,0.97859,0.96629,0.99003,0.76052,0.93966,0.39559,1.14274,0.0008219,0.0008219,0.0008219
121,4312.82,0.81103,0.37755,0.98865,0.96972,0.98502,0.99133,0.76633,0.92088,0.37885,1.1324,0.000812,0.000812,0.000812
122,4347.8,0.8243,0.38827,0.98523,0.95381,0.98502,0.99001,0.7627,0.93129,0.38521,1.12674,0.0008021,0.0008021,0.0008021
123,4382.82,0.8057,0.37629,0.97723,0.98117,0.97589,0.99197,0.76202,0.94147,0.38393,1.11821,0.0007922,0.0007922,0.0007922
124,4418.11,0.81435,0.38076,0.97273,0.97921,0.97753,0.99046,0.76014,0.93179,0.41995,1.13238,0.0007823,0.0007823,0.0007823
125,4453.3,0.80865,0.37295,0.97971,0.99232,0.96798,0.98958,0.7718,0.93465,0.3975,1.15715,0.0007724,0.0007724,0.0007724
126,4488.53,0.81181,0.37911,0.98192,0.97027,0.97787,0.98893,0.75383,0.97068,0.40505,1.13802,0.0007625,0.0007625,0.0007625
127,4523.47,0.79399,0.36832,0.97666,0.97035,0.98042,0.98664,0.76309,0.92367,0.39185,1.11365,0.0007526,0.0007526,0.0007526
128,4558.87,0.78784,0.36567,0.97177,0.96201,0.96255,0.98865,0.76281,0.9335,0.39409,1.13039,0.0007427,0.0007427,0.0007427
129,4593.68,0.80169,0.37176,0.97569,0.97034,0.98022,0.99045,0.76886,0.94419,0.37991,1.12664,0.0007328,0.0007328,0.0007328
130,4629.2,0.79877,0.37478,0.98859,0.96523,0.97004,0.98868,0.76442,0.92951,0.38625,1.12089,0.0007229,0.0007229,0.0007229
131,4664.08,0.81017,0.37591,0.9799,0.95998,0.97004,0.98983,0.76506,0.92841,0.39914,1.1309,0.000713,0.000713,0.000713
132,4699.65,0.77956,0.36013,0.96426,0.96873,0.96629,0.98883,0.77124,0.933,0.40051,1.146,0.0007031,0.0007031,0.0007031
133,4734.42,0.79728,0.37685,0.9756,0.96983,0.97004,0.98664,0.75748,0.95148,0.40747,1.14841,0.0006932,0.0006932,0.0006932
134,4769.92,0.80617,0.38199,0.9789,0.96659,0.9751,0.98848,0.77064,0.92836,0.39133,1.13111,0.0006833,0.0006833,0.0006833
135,4804.57,0.79332,0.35575,0.97385,0.97375,0.97244,0.98926,0.76272,0.93443,0.38926,1.12396,0.0006734,0.0006734,0.0006734
136,4839.9,0.78284,0.36529,0.97181,0.97704,0.97753,0.98996,0.76942,0.95836,0.38323,1.13486,0.0006635,0.0006635,0.0006635
137,4874.63,0.78493,0.36215,0.96848,0.97399,0.98156,0.99094,0.76883,0.92247,0.37176,1.12265,0.0006536,0.0006536,0.0006536
138,4909.81,0.77511,0.35925,0.96977,0.96567,0.97753,0.99124,0.75789,0.93659,0.38146,1.11929,0.0006437,0.0006437,0.0006437
139,4944.4,0.78244,0.35914,0.9763,0.9785,0.97004,0.98948,0.75961,0.95533,0.39365,1.14646,0.0006338,0.0006338,0.0006338
140,4979.69,0.79592,0.36577,0.9775,0.96951,0.96629,0.98921,0.75687,0.97471,0.39806,1.16061,0.0006239,0.0006239,0.0006239
141,5014.3,0.7703,0.35584,0.97383,0.98655,0.96629,0.99158,0.77042,0.93559,0.37045,1.12898,0.000614,0.000614,0.000614
142,5049.61,0.80372,0.36582,0.97341,0.97045,0.98409,0.9903,0.76508,0.93475,0.37365,1.14106,0.0006041,0.0006041,0.0006041
143,5084.48,0.75585,0.34911,0.95347,0.9702,0.97546,0.99032,0.76472,0.9316,0.38226,1.1172,0.0005942,0.0005942,0.0005942
144,5119.93,0.75917,0.34672,0.96269,0.97742,0.97279,0.99163,0.77324,0.95671,0.37949,1.14524,0.0005843,0.0005843,0.0005843
145,5154.82,0.75887,0.34529,0.96457,0.97694,0.97004,0.99145,0.77347,0.92353,0.38099,1.14807,0.0005744,0.0005744,0.0005744
146,5190.13,0.7726,0.35902,0.96562,0.97207,0.98502,0.99123,0.77341,0.91608,0.37188,1.12128,0.0005645,0.0005645,0.0005645
147,5225.17,0.76064,0.3587,0.95838,0.95974,0.98217,0.99011,0.76483,0.94077,0.38449,1.13173,0.0005546,0.0005546,0.0005546
148,5260.55,0.76948,0.35885,0.96461,0.97046,0.98436,0.99066,0.7612,0.93421,0.38844,1.12096,0.0005447,0.0005447,0.0005447
149,5295.5,0.76285,0.35476,0.96188,0.9669,0.98459,0.98889,0.76867,0.93691,0.38077,1.12723,0.0005348,0.0005348,0.0005348
150,5330.55,0.75989,0.34864,0.9781,0.97939,0.97004,0.9917,0.76666,0.9432,0.36663,1.13288,0.0005249,0.0005249,0.0005249
151,5365.69,0.76564,0.35134,0.96251,0.96635,0.96802,0.99109,0.75122,0.96985,0.38466,1.15326,0.000515,0.000515,0.000515
152,5400.92,0.76618,0.34802,0.97616,0.97637,0.97378,0.9906,0.7624,0.94088,0.38797,1.13793,0.0005051,0.0005051,0.0005051
153,5436.43,0.74139,0.3377,0.95026,0.98144,0.97753,0.99184,0.76562,0.93512,0.36146,1.11928,0.0004952,0.0004952,0.0004952
154,5471.31,0.76944,0.34772,0.9621,0.96666,0.97732,0.98955,0.77411,0.9176,0.38,1.12328,0.0004853,0.0004853,0.0004853
155,5506.83,0.7573,0.34911,0.96097,0.96572,0.98127,0.98725,0.78037,0.88571,0.37314,1.10284,0.0004754,0.0004754,0.0004754
156,5541.62,0.73558,0.34001,0.95975,0.96846,0.98502,0.99004,0.77199,0.92677,0.3733,1.12932,0.0004655,0.0004655,0.0004655
157,5577.18,0.74084,0.33675,0.95649,0.97487,0.97378,0.9918,0.77187,0.92922,0.37123,1.13653,0.0004556,0.0004556,0.0004556
158,5611.95,0.7286,0.33108,0.95411,0.99239,0.97707,0.98636,0.76486,0.91771,0.36873,1.12367,0.0004457,0.0004457,0.0004457
159,5647.62,0.75602,0.34013,0.95495,0.99033,0.98502,0.99231,0.77997,0.91396,0.36074,1.11826,0.0004358,0.0004358,0.0004358
160,5682.52,0.74292,0.34044,0.96127,0.99242,0.98121,0.99271,0.76852,0.93503,0.35448,1.11668,0.0004259,0.0004259,0.0004259
161,5718.04,0.73742,0.33442,0.95375,0.9666,0.97543,0.98845,0.76228,0.92446,0.37748,1.12026,0.000416,0.000416,0.000416
162,5752.89,0.73066,0.33421,0.94838,0.9848,0.97051,0.99077,0.76748,0.95005,0.37621,1.14381,0.0004061,0.0004061,0.0004061
163,5788.39,0.72841,0.33533,0.95031,0.99229,0.9638,0.98822,0.77085,0.93068,0.37372,1.13542,0.0003962,0.0003962,0.0003962
164,5823.23,0.74099,0.34232,0.95578,0.97837,0.96255,0.98747,0.76516,0.95173,0.37573,1.15549,0.0003863,0.0003863,0.0003863
165,5858.68,0.73393,0.33275,0.94966,0.99227,0.96145,0.99015,0.7708,0.94891,0.36813,1.14065,0.0003764,0.0003764,0.0003764
166,5893.56,0.72062,0.33344,0.94742,0.97375,0.97244,0.99101,0.77089,0.92667,0.36515,1.1223,0.0003665,0.0003665,0.0003665
167,5928.89,0.73621,0.34127,0.95112,0.96936,0.97753,0.99096,0.7577,0.96389,0.37235,1.13531,0.0003566,0.0003566,0.0003566
168,5963.96,0.73265,0.32956,0.9497,0.97394,0.97995,0.99149,0.76754,0.94693,0.37747,1.14466,0.0003467,0.0003467,0.0003467
169,5999.21,0.72298,0.32861,0.95071,0.96701,0.98796,0.99112,0.76924,0.93619,0.36326,1.12859,0.0003368,0.0003368,0.0003368
170,6034.16,0.7165,0.3268,0.9461,0.98014,0.98127,0.99157,0.77175,0.91912,0.36097,1.12626,0.0003269,0.0003269,0.0003269
171,6069.35,0.73302,0.33617,0.95867,0.98121,0.98127,0.99112,0.76955,0.93899,0.37361,1.14167,0.000317,0.000317,0.000317
172,6104.36,0.72226,0.32888,0.95374,0.97232,0.97753,0.99037,0.77771,0.92446,0.37035,1.13714,0.0003071,0.0003071,0.0003071
173,6139.59,0.70765,0.32318,0.94104,0.97374,0.97201,0.991,0.77489,0.93523,0.3651,1.13755,0.0002972,0.0002972,0.0002972
174,6174.69,0.70101,0.33163,0.94704,0.96888,0.98127,0.99147,0.77315,0.93823,0.36646,1.13731,0.0002873,0.0002873,0.0002873
175,6209.63,0.71945,0.33352,0.94339,0.97404,0.98356,0.99212,0.76932,0.93904,0.35592,1.1514,0.0002774,0.0002774,0.0002774
176,6245.27,0.69202,0.3188,0.93753,0.96312,0.97798,0.99139,0.76648,0.94675,0.36326,1.15193,0.0002675,0.0002675,0.0002675
177,6280.04,0.70092,0.32446,0.94906,0.97034,0.98025,0.99201,0.77484,0.92168,0.35921,1.13041,0.0002576,0.0002576,0.0002576
178,6315.35,0.70568,0.32094,0.94756,0.9633,0.98298,0.9916,0.76497,0.94443,0.36198,1.14345,0.0002477,0.0002477,0.0002477
179,6350.17,0.71008,0.32209,0.93939,0.96968,0.98127,0.992,0.76888,0.93574,0.35789,1.13794,0.0002378,0.0002378,0.0002378
180,6385.78,0.69662,0.31543,0.9385,0.97401,0.98242,0.99229,0.77725,0.91644,0.35125,1.13072,0.0002279,0.0002279,0.0002279
181,6420.52,0.70542,0.32269,0.94577,0.96702,0.98821,0.99199,0.76801,0.93766,0.35756,1.13481,0.000218,0.000218,0.000218
182,6455.95,0.67317,0.3094,0.93854,0.95787,0.98876,0.9908,0.77997,0.90326,0.35595,1.11982,0.0002081,0.0002081,0.0002081
183,6490.68,0.67892,0.31293,0.93321,0.97411,0.98647,0.99178,0.77631,0.91506,0.3528,1.12125,0.0001982,0.0001982,0.0001982
184,6526.08,0.68559,0.31566,0.92973,0.96695,0.98629,0.9922,0.7748,0.91436,0.34975,1.11831,0.0001883,0.0001883,0.0001883
185,6560.73,0.67845,0.31223,0.93659,0.97037,0.98142,0.99122,0.76643,0.93482,0.35963,1.12768,0.0001784,0.0001784,0.0001784
186,6596.12,0.69144,0.31921,0.94056,0.97188,0.98502,0.99116,0.77743,0.92847,0.3538,1.12417,0.0001685,0.0001685,0.0001685
187,6630.87,0.69366,0.31697,0.94024,0.96198,0.98876,0.99145,0.77321,0.93693,0.35768,1.12371,0.0001586,0.0001586,0.0001586
188,6666.29,0.6888,0.31812,0.93601,0.96814,0.98876,0.99199,0.77243,0.92114,0.35583,1.12624,0.0001487,0.0001487,0.0001487
189,6701.06,0.67857,0.30433,0.9473,0.96625,0.98876,0.9921,0.77771,0.91322,0.35019,1.11503,0.0001388,0.0001388,0.0001388
190,6736.21,0.67385,0.31139,0.93436,0.97058,0.98856,0.99166,0.7752,0.92262,0.3549,1.11776,0.0001289,0.0001289,0.0001289
191,6772.48,0.6648,0.28322,0.94358,0.97406,0.98461,0.99093,0.77384,0.92426,0.35064,1.11843,0.000119,0.000119,0.000119
192,6807.75,0.66236,0.28103,0.93741,0.97402,0.98285,0.99121,0.77637,0.91115,0.34773,1.11751,0.0001091,0.0001091,0.0001091
193,6842.7,0.65904,0.27708,0.93838,0.97407,0.98474,0.99097,0.77437,0.91543,0.34926,1.11771,9.92e-05,9.92e-05,9.92e-05
194,6877.81,0.66956,0.28137,0.94041,0.9751,0.97753,0.99113,0.77836,0.91057,0.35013,1.11956,8.93e-05,8.93e-05,8.93e-05
195,6912.77,0.65905,0.2811,0.94139,0.97107,0.98127,0.99148,0.77819,0.91832,0.34755,1.12119,7.94e-05,7.94e-05,7.94e-05
196,6947.88,0.64378,0.27291,0.93629,0.97395,0.98006,0.99144,0.77681,0.92338,0.34744,1.12201,6.95e-05,6.95e-05,6.95e-05
197,6982.93,0.64774,0.27459,0.93541,0.97415,0.98812,0.99159,0.78412,0.91177,0.34117,1.11738,5.96e-05,5.96e-05,5.96e-05
198,7024.63,0.64504,0.27498,0.9329,0.9721,0.98502,0.99152,0.7788,0.91931,0.3444,1.12149,4.97e-05,4.97e-05,4.97e-05
199,7059.56,0.64249,0.26825,0.93013,0.97414,0.98756,0.99134,0.77811,0.92225,0.34603,1.12283,3.98e-05,3.98e-05,3.98e-05
200,7094.54,0.63931,0.27162,0.9354,0.97048,0.98509,0.99126,0.77598,0.92602,0.34698,1.12492,2.99e-05,2.99e-05,2.99e-05
